id,idea_content,llama33k10,for_user_id,round_id
10001,necklace,638,1,1
10002,shoes,160,1,1
10003,car,290,1,1
10004,hat,428,1,1
10005,plate,138,1,1
10006,coat,844,1,1
10007,table,28,1,1
10008,bed,360,1,1
10009,ball,102,1,1
10010,carpet,236,1,1
10011,sofa,741,1,1
10012,court,839,1,1
10013,ring,321,1,1
10014,putting a under a leg of a table to make it level out evenly,27,2,1
10015,using to contain a fire by building a little wall around the fire,21,2,1
10016,using a as a hammer,75,2,1
10017,using a as a writing surface,875,2,1
10018,weight for a pully system,453,3,1
10019,hammer,75,3,1
10020,kill a bug,93,3,1
10021,cut and hollow and make a box that can be hidden in the wall under the disguise of a regular,846,3,1
10022,to break a window,104,3,1
10023,uses pieces to create a work of art,341,3,1
10024,ammunition for a big sling shot,278,3,1
10025,add wheels and other items to make it into a car,705,3,1
10026,put it in a wall next to a door that is locked...you open the face of the and it reveals a keypad in the...you put in the pass code and the door will open...it is a hidden security measure,928,3,1
10027,prop it against the gas pedal of a car so the car will go without anyone inside,887,3,1
10028,using the as a flower holder,849,4,1
10029,using it as a weapon,210,4,1
10030,paint on the to make an art work,7,4,1
10031,use the  as a sharp tool to cut leaves,190,4,1
10032,imaginatively  use the holes of the as a peeping hole for childhood play roles.,836,4,1
10033,place items in between the holes to create holders.,474,4,1
10034,break the into small pieces and use it in art works,618,4,1
10035,use a as something to weigh down objects.,68,4,1
10036,put two sticks through the with 4 wheels to create a car.,705,4,1
10037,use the to scrape along sidewalks to create images or designs or art work,765,4,1
10038,put the on a sheet of paper; spray painting to create lines and art,410,4,1
10039,use the as a subject in art work  so you can study the shape and different shadows that it can present,286,4,1
10040,tie strings to the and hang it off a tree  to give it an illusional effect of floating in the air from afar.,809,4,1
10041,You can use a to lift weights,42,5,1
10042,You can use a in a throwing contest to see who is the strongest,239,5,1
10043,"You can use a to make a (brickman) ""snowman""",426,5,1
10044,You can use a for a scare tactic,1,5,1
10045,You can use a to assist in research,82,5,1
10046,You can use pieces of a to make tattoo,606,5,1
10047,a stepping stool,65,6,1
10048,something to draw on,405,6,1
10049,put together to build something,19,6,1
10050,take a and toss it back and forth,479,6,1
10051,make a pet,384,6,1
10052,have a throwing competition,685,6,1
10053,cut a into pieces and make a mosaic,341,6,1
10054,use the holes in the as a planting bowl,361,6,1
10055,use the to build a fort,259,6,1
10056,use a for the stand of a firework display (they're fire repellant I think),182,6,1
10057,use the as a weapon when in danger,203,6,1
10058,paint the and use them as decorations,39,6,1
10059,use them as weights when you are working out,68,6,1
10060,"use it for a tic tac toe board  using rocks and sticks are x""s and o""s",643,6,1
10061,draw on it with chalk like it was a chalk board,405,6,1
10062,list more creative ideas of how to use a then I am on this computer,881,6,1
10063,Paperweight,10,7,1
10064,carve it into sculpture,5,7,1
10065,hollow it out ad use for a container,661,7,1
10066,nail file,273,7,1
10067,building a house,15,7,1
10068,weight for weight lifting,3,7,1
10069,as a shoe cleaner  to scrape the bottom of your shoes on,759,7,1
10070,as a stone  to help build a makeshift dam,556,7,1
10071,as a weight  to make something sink in water.,24,7,1
10072,like a piece of charcoal  for drawing with,162,7,1
10073,grind it into dust  mix with water  and use as paint,535,7,1
10074,Hammer,75,8,1
10075,weapon,203,8,1
10076,door stopper,124,8,1
10077,stepping stone,66,8,1
10078,nail filer,273,8,1
10079,foot rest,131,8,1
10080,weight lifting,42,8,1
10081,You can use a as a weight.,68,9,1
10082,You can measure how big someone's head is using as units.,279,9,1
10083,can be used as toys.,90,9,1
10084,You can use for playing football.,667,9,1
10085,You can play catch with.,30,9,1
10086,can be used as burgers while playing outside.,859,9,1
10087,can be used as door stoppers and also to stop glass from being solid.,796,9,1
10088,You miss out on things when you have been living under a rock  but if you have been living under a you probably got knocked out.,403,9,1
10089,You can use to carve sayings into a wall.,158,9,1
10090,You can use to make door knobs but it will be probably uncomfortable to turn.,4,9,1
10091,You can play how many fingers can you break with a.,736,9,1
10092,You can use for clothes they will just be heavy.,127,9,1
10093,"You can use to make a Lifesize ""Thing"" action figure from Fantastic  Four.",350,9,1
10094,house,132,10,1
10095,building,19,10,1
10096,decoration,18,10,1
10097,car,290,10,1
10098,table,28,10,1
10099,bookshelf,558,10,1
10100,computer,401,10,1
10101,phone,704,10,1
10102,bowl,431,10,1
10103,dish,386,10,1
10104,chair,202,10,1
10105,bridge,311,10,1
10106,floor,107,10,1
10107,lamp,745,10,1
10108,vase,265,10,1
10109,shoe,160,10,1
10110,pillow,184,10,1
10111,toy,153,10,1
10112,weapon,203,10,1
10113,notebook,911,10,1
10114,journal,817,10,1
10115,purse,485,10,1
10116,bookend,183,10,1
10117,pencil case,79,10,1
10118,coin holder,79,10,1
10119,pet,234,10,1
10120,Door stop,484,11,1
10121,Hammer,75,11,1
10122,Pet,234,11,1
10123,Swatter,897,11,1
10124,Paper weight,10,11,1
10125,Carve out the inside and use it for storage.,661,11,1
10126,break into small  tine  sand-like pieces and use for a Zen garden or as such.,418,11,1
10127,Break into shards too see all the different shapes you could make,422,11,1
10128,Take pieces of it to use for a game of jacks,824,11,1
10129,break into pieces to make a puzzle,838,11,1
10130,Trophy,591,11,1
10131,Canvas,80,11,1
10132,iPhone dock,860,11,1
10133,calculator,900,11,1
10134,paper weight,10,12,1
10135,nail file,273,12,1
10136,companion (like a teddy bear),166,12,1
10137,weight (to exercise),3,12,1
10138,anchor,40,12,1
10139,earrings,420,12,1
10140,exfoliant (scrub dead skin cells),448,12,1
10141,kite holder (keeps the kite from flying away),907,12,1
10142,ankle weight,658,12,1
10143,weapon,203,12,1
10144,a baby doll,480,13,1
10145,throw it around like a ball,479,13,1
10146,dress it up as someone,795,13,1
10147,paint it,176,13,1
10148,draw it,562,13,1
10149,name it and keep it forever  like it was your own,363,13,1
10150,use the as a step stool,65,13,1
10151,practice your balance on it  one foot on it at a time,256,13,1
10152,use it as a weapon,210,13,1
10153,use it as a self defense measure,209,13,1
10154,use it after putting books on a shelf to keep the books from falling over,183,13,1
10155,use it as a window proper opener,313,13,1
10156,use it behind a tire  if parked on a hill,96,13,1
10157,make into art piece,170,13,1
10158,a paper weight,10,13,1
10159,a door stopper,124,13,1
10160,use it as a weight,68,13,1
10161,Anchor,40,14,1
10162,door stop,124,14,1
10163,pencil/pen holder,79,14,1
10164,art,314,14,1
10165,have a throwing contest,163,14,1
10166,use it as a hammer to hit something down,75,14,1
10167,paint with it,719,14,1
10168,as a child,376,14,1
10169,use it to smash up foods. flatten meat  crack nuts...,47,14,1
10170,for military personnel to drop out of planes at enemies,276,14,1
10171,send messages on to friends.,50,14,1
10172,defensive weapon,203,15,1
10173,patio,385,15,1
10174,weight for building muscles,3,15,1
10175,basis of a house foundation,378,15,1
10176,seat made of,332,15,1
10177,step latter,913,15,1
10178,use as markers instead of cones,771,15,1
10179,stoppers  such as for a door,484,15,1
10180,throw the  furthest game,163,15,1
10181,"hot """" instead of potato",766,15,1
10182,steps,56,15,1
10183,as a barrier,229,15,1
10184,fence,159,15,1
10185,pet,234,15,1
10186,fort,33,15,1
10187,fireplace,91,15,1
10188,ties to bottoms of feet as high shoes,277,15,1
10189,meat pounder,47,15,1
10190,mashed potato smasher,344,15,1
10191,table,28,15,1
10192,statue,36,15,1
10193,gravestone,121,15,1
10194,back scratcher,165,15,1
10195,anchor,40,15,1
10196,build a house,15,16,1
10197,break a chain,427,16,1
10198,balance a table or chair,27,16,1
10199,hold open a window,915,16,1
10200,To hold something down,63,16,1
10201,lift for exercise,42,16,1
10202,break a window,104,16,1
10203,build a wall or boundary,61,16,1
10204,to teach someone the rectangle shape,108,16,1
10205,to smash things,17,16,1
10206,make a sidewalk,64,16,1
10207,build a house,15,17,1
10208,hit someone with,188,17,1
10209,use it to brake something,17,17,1
10210,use it as heat absorption,666,17,1
10211,use it to elevate things,274,17,1
10212,kick a into a soccer goal,445,17,1
10213,carve something into the,158,17,1
10214,use a as a lever,240,17,1
10215,balance a on your head,267,17,1
10216,color a,594,17,1
10217,crush a,362,17,1
10218,smell a,549,17,1
10219,use a as a tool to crush something,17,17,1
10220,stacks,283,17,1
10221,color coordinates,206,17,1
10222,reshape a with power tools,284,17,1
10223,make a out of clay,81,17,1
10224,make a bridge out of,632,17,1
10225,taste a,787,17,1
10226,put a in a cannon and shoot something with it,84,17,1
10227,send a to the moon,613,17,1
10228,use a to sit on,69,17,1
10229,balance a on your head,267,17,1
10230,freeze a,725,17,1
10231,store a somewhere safe,578,17,1
10232,burn a,768,17,1
10233,push a,737,17,1
10234,cut something with a,901,17,1
10235,watch a dry,193,17,1
10236,use a to way down something,425,17,1
10237,use a to hunt with,288,17,1
10238,way down something with,837,17,1
10239,use a for self defense,209,17,1
10240,paint a gold and sell it,845,17,1
10241,use a to break another,17,17,1
10242,Anchor for small boat,40,18,1
10243,Short stepping stool,65,18,1
10244,Canvas on which to paint,782,18,1
10245,Weight,220,18,1
10246,A shovel,858,18,1
10247,knife sharpener,26,18,1
10248,door stopper,484,18,1
10249,use as a pet,384,19,1
10250,as a door stop,124,19,1
10251,hold up things with...like for a shelf,37,19,1
10252,use as art,5,19,1
10253,decorate to show off,620,19,1
10254,rest something on top of the,668,19,1
10255,as a paper weight,10,19,1
10256,lift as a weight,3,19,1
10257,use to push something down,425,19,1
10258,use as a substitute for a missing piece in outside stairs/walk way,488,19,1
10259,use it to hide a key outside your house,125,19,1
10260,to hold down a planter,529,19,1
10261,to prop up against something to keep it closed,446,19,1
10262,decorate and put in a garden as art,170,19,1
10263,in the pool you can use it as a weight to push at the bottom of the pool to help built up your upper body muscles for swimming.,492,19,1
10264,build a house,15,20,1
10265,put behind a tire to keep a car from rolling down a hill,408,20,1
10266,use as a weapon,210,20,1
10267,use as a weight,68,20,1
10268,to line the edges of a flower bed or a vegetable garden,339,20,1
10269,make a patio,117,20,1
10270,use around a firepit,21,20,1
10271,if they are different colored you can make a pattern out of them,330,20,1
10272,"use them as ""feet"" to hold up a table or chair higher",876,20,1
10273,to heat something up because they get hot in the summer and can keep things warm,217,20,1
10274,make a fort by building walls and a floor out of,259,20,1
10275,you can grow moss on them by pouring buttermilk on them,524,20,1
10276,I think if you strike a rock against one it will spark to make a fire. I'm not sure if that is possible though,244,20,1
10277,you can paint them and make artwork out of them,7,20,1
10278,it can serve as shelter or a home to some worms or other critters,857,20,1
10279,you can use it as a tool like a hammer,75,20,1
10280,"you ""could"" write with them because they leave red marks when scratched across a surface",228,20,1
10281,Door stopper,484,21,1
10282,iron,531,21,1
10283,pancake flattener,47,21,1
10284,bed/table riser,35,21,1
10285,can be used as decorations in a house,18,21,1
10286,nail filer,273,21,1
10287,outdoor fort,33,21,1
10288,fence,159,21,1
10289,Dam,568,22,1
10290,Barrier,229,22,1
10291,Irrigation,472,22,1
10292,Shelter,450,22,1
10293,Roads,197,22,1
10294,Shoes,160,22,1
10295,Art,314,22,1
10296,sculptures,639,22,1
10297,Flint?,201,22,1
10298,Underground safe area or shelter,450,22,1
10299,A heavy  indestructible vehicle,654,22,1
10300,Projectile in some shape or form,411,22,1
10301,A standard measurement,914,22,1
10302,Jewelry,433,22,1
10303,Use to fool someone.,495,22,1
10304,A birthday present,205,22,1
10305,Projectile,411,23,1
10306,Paperweight,10,23,1
10307,Heavier Bookbags,912,23,1
10308,Oldowan style tools,372,23,1
10309,Shoe filling,449,23,1
10310,pie,539,23,1
10311,Soup,748,23,1
10312,as a blunt object,210,23,1
10313,You know can be painted and star in television shows...,601,23,1
10314,can help your clothes fit better.,830,23,1
10315,Less than efficient fly-swatter,777,23,1
10316,Brickball (play baseball with the instead of a bat),77,23,1
10317,in the back part of your toilet help conserve water.,624,23,1
10318,Brickly (your new best friend),877,23,1
10319,make awesome hats.,155,23,1
10320,If you grind the up you could make an awesome Sauce.,648,23,1
10321,Wear the on a necklace  start a trend.,34,23,1
10322,Polish the  sell for profit.,533,23,1
10323,"Market the ""Pet "" SOMEONE will buy it.",546,23,1
10324,Air guitar fret board.,38,23,1
10325,Use as loofah  exfoliate like a BOSS!,419,23,1
10326,Leave on gas pedal  cruise control no longer broken...,510,23,1
10327,Tie to your left foot  run in uncontrollable circles.,691,23,1
10328,Scratch-n-sniff   smells likes.,870,23,1
10329,Multiple = makeshift chair.,128,23,1
10330,buildings,19,24,1
10331,house,132,24,1
10332,sidewalk,64,24,1
10333,weapon,203,24,1
10334,fire stone,665,24,1
10335,toy,90,24,1
10336,shoes,160,24,1
10337,resource,919,24,1
10338,minerals,275,24,1
10339,rocks,755,24,1
10340,stepping stone,66,24,1
10341,garden,435,24,1
10342,walls,61,24,1
10343,forts,33,24,1
10344,roof,204,24,1
10345,ammo,820,24,1
10346,back scrubber,872,24,1
10347,sculpture,639,24,1
10348,statue,36,24,1
10349,foot rest,131,24,1
10350,seat,105,24,1
10351,a hammer,75,24,1
10352,knife sharpener,26,24,1
10353,making fire,575,24,1
10354,killing birds,478,24,1
10355,smashing nuts,59,24,1
10356,floors,917,24,1
10357,carve stone,81,24,1
10358,make a castle,215,24,1
10359,use in war,302,24,1
10360,building a wall,61,25,1
10361,building a house,15,25,1
10362,building a dog house,584,25,1
10363,breaking things using the,17,25,1
10364,building a table,355,25,1
10365,paperweight,10,25,1
10366,building a fort,259,25,1
10367,making a structure (art),208,25,1
10368,used to build a chair,128,25,1
10369,used for an oven,543,25,1
10370,self defense,209,26,1
10371,cooking,569,26,1
10372,a toy,153,26,1
10373,a file,709,26,1
10374,trade,712,26,1
10375,a weapon,203,26,1
10376,exercise,504,26,1
10377,entertainment,888,26,1
10378,drawing,764,26,1
10379,sculpting,81,26,1
10380,circus acts,370,26,1
10381,hunting,514,26,1
10382,playing games,100,26,1
10383,a pet,234,26,1
10384,a practical joke,886,26,1
10385,paperweight,10,27,1
10386,pencil holder,79,27,1
10387,wheel chalk,429,27,1
10388,locksmith,883,27,1
10389,step stool,65,27,1
10390,fighting utensil,346,27,1
10391,dumbbell to work out with,42,27,1
10392,kill things,869,27,1
10393,a book wedge to hold books up on a shelf,183,27,1
10394,potholder on carpet,358,27,1
10395,chair,202,27,1
10396,toss the game like toss the balloon,814,27,1
10397,ruler,298,27,1
10398,straight edge,225,27,1
10399,pen,686,27,1
10400,vase for flowers,265,27,1
10401,baseball,579,27,1
10402,door prop,41,27,1
10403,towel weight at the beach,827,27,1
10404,hold down a tarp on a car,63,27,1
10405,hammer,75,27,1
10406,break a window if you lock your keys in your house,104,27,1
10407,photo prop,92,27,1
10408,Jewelry holder,727,28,1
10409,Book shelf divider,728,28,1
10410,puzzle pieces,341,28,1
10411,the holes in the could hold nail polishes,394,28,1
10412,the holes in the could hold pencils and pens,79,28,1
10413,teaching children how to write using chalk on the,902,28,1
10414,can hold up food during picnics,571,28,1
10415,door stop,124,28,1
10416,weights,220,28,1
10417,coaster for drinks,29,28,1
10418,the color can be used to do drawings,498,28,1
10419,add water to the color to make water-colors,287,28,1
10420,the grain from the can be used for face paint,261,28,1
10421,balance beam,757,28,1
10422,a child's figurine playground,651,28,1
10423,paper weight,10,29,1
10424,door stop,484,29,1
10425,counter weight for a hanging object (backpacks!),68,29,1
10426,cruise control,525,29,1
10427,put it in a stream for a few years and you'll get an interesting river-formed work of art,258,29,1
10428,with multiple you could build a heavy Tetris game!,272,29,1
10429,place a next to your books on your bookshelf to hold them in place...,183,29,1
10430,you could use a as an imaginary violin for small children so that they can get used to the weight of the instrument,855,29,1
10431,bang on it with a metal rod for a sound (it might sound interesting if you hollow out part of it),466,29,1
10432,sand down the corners and use it as a form of myofascial relief,345,29,1
10433,strap it to your leg in order to improve leg strength-wear it for a long period of time,122,29,1
10434,drag it along cement and try to draw your name with it,380,29,1
10435,crush the and use the pieces as a form of decoration in a glass bowl (interesting rubble centerpiece),690,29,1
10436,prop your keyboard up on the so that you don't injure your wrists from typing too much (ouch.),328,29,1
10437,hold the out at arms length for a prolonged period of time to exercise your stabilizer muscles,482,29,1
10438,use the as a foot stool if the ground is muddy?,67,29,1
10439,sell the and buy something else!,78,29,1
10440,hollow out the  sand the edges  and use the as a bowl or other storage device,661,29,1
10441,to build a house,15,30,1
10442,to build a fire pit,21,30,1
10443,you can use it as a hot plate,53,30,1
10444,you can use it to lift weights,42,30,1
10445,to break  glass,17,30,1
10446,to hold something down,63,30,1
10447,you can use it for a fire place,21,30,1
10448,you can use chips to decorate your flower area outside your house,434,30,1
10449,you can make a chair out of them,128,30,1
10450,paper weight,10,31,1
10451,decoration around flower bed,169,31,1
10452,door stop.,124,31,1
10453,you can use many of them to make a barrier,229,31,1
10454,at a shooting range you can use it for target practice.,191,31,1
10455,put it under a car tire to keep the car from rolling away,96,31,1
10456,you can put it under something that needs to be level that isn't.,27,31,1
10457,you can use it for protection  if someone is trying to hurt you  throw it at them.,6,31,1
10458,if something is just out of reach you can step on it to make you a little taller.,66,31,1
10459,make letters,735,32,1
10460,build a bed,694,32,1
10461,make sculptures,81,32,1
10462,build walls around the border,343,32,1
10463,build stoves,646,32,1
10464,build homes in Africa,835,32,1
10465,help tear down building (put a lot of in one net and then slam them up against the building you want to tear down),168,32,1
10466,use in chemistry to show bonds between atoms,662,32,1
10467,use to build the muscles in your legs  by putting them on your feet and walking around,122,32,1
10468,make students balance on their head once they have done something bad,863,32,1
10469,juggle (2) in hospitals to make people laugh,775,32,1
10470,use them as weights for balloons,68,32,1
10471,use them as a mouse connected to a computer to keep students in grade school from destroying the mouse,920,32,1
10472,use them as a nail file,273,32,1
10473,use them as a scrub to get the crust off your feet,631,32,1
10474,throwing contest,163,33,1
10475,door stop,124,33,1
10476,gas pedal holder,724,33,1
10477,Book stop,183,33,1
10478,killing insects,93,33,1
10479,wear on bottom of shoes to make you taller,541,33,1
10480,protection,664,33,1
10481,paper holder  keep them from flying away,797,33,1
10482,contest who can smash it the fastest,300,33,1
10483,"throwing at cheating Ex""s car",640,33,1
10484,Block tires  so car wont move when parked,408,33,1
10485,booster seat,199,33,1
10486,shin guards,792,33,1
10487,pillow,184,33,1
10488,propter  hold items up,37,33,1
10489,tag,462,33,1
10490,baton for relay races,490,33,1
10491,sharpen points  use as weapon to catch prey,721,33,1
10492,pet,234,33,1
10493,window prop  keep window open,313,33,1
10494,tape messages to it  throw it to each other,843,33,1
10495,as a step for a child,734,34,1
10496,as the line in the middle of a volleyball court,593,34,1
10497,as a paper holder,797,34,1
10498,as if it was a weight for weightlifting,68,34,1
10499,as a place to sit other than the dirt,499,34,1
10500,put it in front of the fridge so your kid won't open it,51,34,1
10501,it can be used to have anything stand higher when needed.,274,34,1
10502,it can be put behind a car's wheel to prevent it from going down the hill,96,34,1
10503,it can be used to kill any bug that creeps into your house,93,34,1
10504,weight,220,35,1
10505,art,314,35,1
10506,building blocks,616,35,1
10507,bed riser,35,35,1
10508,step ladder,65,35,1
10509,paper weight,10,35,1
10510,door holder,41,35,1
10511,put wheels on it and its a mini skate board,673,35,1
10512,put felt on one side and its an eraser for a dry erase board/chalk board,57,35,1
10513,a silly hat,371,35,1
10514,sun shade,565,35,1
10515,measurement of length,318,35,1
10516,grind it up and make it chalk,149,35,1
10517,use as a football,667,35,1
10518,use it to prop things up  such as the keyboard to put it at an angle,328,35,1
10519,yoga square,174,35,1
10520,grind up in half full water bottle for chemical reaction,659,35,1
10521,write a message on the ground with them,865,35,1
10522,a hammer,75,35,1
10523,use a outside if it is windy and you have to hold something down such as paper from flying away,63,36,1
10524,you can use it as a decorating tool outside your house,388,36,1
10525,you can use it to build a house,15,36,1
10526,you can use it for drawing on with a piece of metal,711,36,1
10527,you can hit people with it,188,36,1
10528,you can use to break windows,104,36,1
10529,you can use it for science experiments,806,36,1
10530,you can throw it back and forth between a friend,479,36,1
10531,you could name a,224,36,1
10532,you could use it to kill bugs by throwing the on them,148,36,1
10533,you could use it for an art project in school,213,36,1
10534,you could sit on a bunch of stacked ups.,499,36,1
10535,you could built a fort out of multiples,259,36,1
10536,you can use it to stand on if you're too short and cant see over something such as a fence.,65,36,1
10537,you could make a fence out of,497,36,1
10538,you could make a tower,45,36,1
10539,you could dress up as a for Halloween,831,36,1
10540,wedge,805,37,1
10541,construction for a house,15,37,1
10542,a weight,220,37,1
10543,weapon,203,37,1
10544,tool,537,37,1
10545,tossing to improve hand strength,336,37,1
10546,stack and make stairs,55,37,1
10547,an uncomfortable pillow,747,37,1
10548,a non talking pet,32,37,1
10549,Paper Weight,10,38,1
10550,deadly weapon,203,38,1
10551,ship anchor,40,38,1
10552,"Basketball Backboard made of ""shooting a""",293,38,1
10553,Pencil Holder,79,38,1
10554,add a lens to the wholes in a and create some sort of binocular or glasses,118,38,1
10555,test tube holders,58,38,1
10556,dog house,423,39,1
10557,build play house,8,39,1
10558,stepping stool,65,39,1
10559,weapon,203,39,1
10560,door stopper,484,39,1
10561,hold a dog chain down,63,39,1
10562,bug killed. Use to smoosh bugs,187,39,1
10563,sharpen knife,503,39,1
10564,sharpen rock,289,39,1
10565,pet,234,39,1
10566,holds flower pot,596,39,1
10567,make a door stopper,484,40,1
10568,use it as a weapon,210,40,1
10569,make a cigar holder,645,40,1
10570,use it to hold incents,611,40,1
10571,paint it and make a portrait,39,40,1
10572,use it as weights,68,40,1
10573,turn it into a coaster,29,40,1
10574,if it's a with the 3 holes  you can put flowers in it like a flower pot.,361,40,1
10575,if it has 3 holes in it you could also use it as a pencil/pen holder,79,40,1
10576,use it to prop things up,37,40,1
10577,make it into a picture frame,367,40,1
10578,candle holder,146,40,1
10579,use it as a soap dish,463,40,1
10580,if you could manage to half the  it could be used as safe where you store your most prize possessions,609,40,1
10581,put some nails in it and make it a key holder,692,40,1
10582,a weapon,203,41,1
10583,a step,465,41,1
10584,a pencil holder,79,41,1
10585,paper weight,10,41,1
10586,a dumbbell,475,41,1
10587,to cook food if it can be heated,383,41,1
10588,a small bridge,602,41,1
10589,it could be used to play catch,30,41,1
10590,to level an uneven table by placing it under a shorter leg,27,41,1
10591,door stop,41,41,1
10592,block to keep car from rolling,96,41,1
10593,as a target at shooting range,23,41,1
10594,to mark a path in the woods by scratching away the bark on trees,522,41,1
10595,to stunt your growth,114,42,1
10596,long distance throwing,758,42,1
10597,table,28,42,1
10598,blanket,538,42,1
10599,fighting weapon,203,42,1
10600,seat,105,42,1
10601,bike brake,518,42,1
10602,car ramp,526,42,1
10603,holding houses up,592,42,1
10604,toy,153,42,1
10605,step,465,42,1
10606,water stopper,255,42,1
10607,anesthetic,173,42,1
10608,diaper tester,154,42,1
10609,pet,234,42,1
10610,dirt remover,319,42,1
10611,payment,246,42,1
10612,silencer,110,42,1
10613,paper weight,10,42,1
10614,holder,458,42,1
10615,something to write on,269,42,1
10616,picture,576,42,1
10617,symbol,570,42,1
10618,something to jump over,923,42,1
10619,put a lot in your trunk to level out your car so u can drive easier in the snow,54,42,1
10620,dog house,423,42,1
10621,jack,840,42,1
10622,bed post,657,42,1
10623,a holder on the gas to drive a car off a cliff,250,42,1
10624,Door Stopper,484,43,1
10625,Instead of using a disc in track events  use a it  heavier,720,43,1
10626,paper weight,10,43,1
10627,use it to add extra weight,68,43,1
10628,use it as a smashing device for stress relievers,271,43,1
10629,nail file,273,43,1
10630,a new fashion statement,904,43,1
10631,a plate,138,44,1
10632,chalk,421,44,1
10633,igloo,550,44,1
10634,step stool,65,44,1
10635,bottom of shoe (sandal),781,44,1
10636,for lifting weights,42,44,1
10637,to smash a spider,187,44,1
10638,R.I.P. stone,393,44,1
10639,something to sit on,69,44,1
10640,to stop your car from rolling,408,44,1
10641,ex boyfriend handler,301,45,1
10642,stepping stool,65,45,1
10643,paperweight,10,45,1
10644,bottle opener,137,45,1
10645,demolition tool,17,45,1
10646,children's toy,153,45,1
10647,parking brake,60,45,1
10648,tool used in window replacement,471,45,1
10649,pet instead of pet rock,412,45,1
10650,flower vase/pot,374,45,1
10651,ankle weights,658,45,1
10652,weightlifting,703,45,1
10653,put in pockets to make weight for wrestling,260,45,1
10654,cell phone cover,292,45,1
10655,exfoliator,448,45,1
10656,anchoring a boat,40,45,1
10657,weight down papers,10,46,1
10658,hold open a door,124,46,1
10659,wedge under a tire of a car parked on a hill to keep it from rolling,96,46,1
10660,break a window,104,46,1
10661,hold down a pedal in a car,908,46,1
10662,add height to a bed,115,46,1
10663,prop open a window,313,46,1
10664,start a fire with 2s,786,46,1
10665,shoe scraper,554,46,1
10666,weight something down in water,24,46,1
10667,to build a house,15,47,1
10668,sidewalk,64,47,1
10669,to throw,186,47,1
10670,to build a wall,61,47,1
10671,to prop a car up on,714,47,1
10672,for art,5,47,1
10673,to build a fire pit,21,47,1
10674,landscape,152,47,1
10675,steps,56,47,1
10676,do the exercise with it,489,49,1
10677,use it for hiking,440,49,1
10678,swimming with the,16,49,1
10679,use the to make fire,244,49,1
10680,use it to carry heavy stuff,42,49,1
10681,Building a mansion,185,50,1
10682,herding off a wild tiger by throwing it,880,50,1
10683,weighing down a table cloth on a windy day at an outside restaurant,68,50,1
10684,used to lift weights if you are a child,42,50,1
10685,door stop,484,50,1
10686,breaking a window,104,50,1
10687,compare the weight of a to a cinder block,68,50,1
10688,building a new school,439,50,1
10689,using it as a button in a relay race to practice with a heavier weight,254,50,1
10690,use as a football,667,50,1
10691,use to anchor your paddle boat,353,50,1
10692,tie it to your ankles as ankle weights,122,50,1
10693,can be used in the place of a hammer when nailing nails into a wall,75,50,1
10694,could be placed around a bonfire to keep it from spreading,21,50,1
10695,can be used in the place of a shot-put ball,924,50,1
10696,can be used to stop your tires from rolling back when parked on a hill,408,50,1
10697,can be used as a cup holder for a red-bull,375,50,1
10698,can be used as a back scratcher,598,50,1
10699,can small the dock off a door to your house after you have been locked out,398,50,1
10700,used as a paper weight on your desk,10,50,1
10701,fetch toy for a gigantic dog,441,50,1
10702,Building a house,15,51,1
10703,Building a wall,61,51,1
10704,Use it for defense,209,51,1
10705,Build a fireplace,307,51,1
10706,Oven,123,51,1
10707,To build stairs,55,51,1
10708,Yellow road,317,51,1
10709,To set up a campfire,455,51,1
10710,To break things,17,51,1
10711,house,132,52,1
10712,road,197,52,1
10713,path,415,52,1
10714,mailbox,136,52,1
10715,bridge,311,52,1
10716,school,701,52,1
10717,clubhouse,438,52,1
10718,building,19,52,1
10719,status,72,52,1
10720,gate,365,52,1
10721,pyramid,322,52,1
10722,desk,161,52,1
10723,chair,202,52,1
10724,bench,368,52,1
10725,hammer,75,52,1
10726,door stopper,124,52,1
10727,paperweight,10,52,1
10728,decoration,18,52,1
10729,fountain,232,52,1
10730,chair board,710,52,1
10731,stairs,682,52,1
10732,fireplace,91,52,1
10733,Mr.-head doll  like a Mr. Potato Head!,599,53,1
10734,Pet,234,53,1
10735,Paint your own kit,586,53,1
10736,junior masonry kit,44,53,1
10737,hot plate,306,53,1
10738,build a puzzle,743,53,1
10739,place cards,157,53,1
10740,sushi trays,85,53,1
10741,pen/pencil holder  of course this would probably involve a drill,79,53,1
10742,bed frame,43,53,1
10743,headboard,695,53,1
10744,paper weight,10,53,1
10745,as a painted decoy in a giant Easter egg hunt,315,53,1
10746,a single balancing beam  or dumb bell,823,53,1
10747,you could use it for finishing a surface  en lieu of sand paper,207,53,1
10748,make a-shaped Jell-O mold,894,53,1
10749,fish tank decoration,18,53,1
10750,use it as a sturdy surface with which to bang the stones out of scrap jewelry,798,53,1
10751,DIY demolition agent for small projects,442,53,1
10752,a strength test  how many times must you throw it before it breaks?,48,53,1
10753,use one as the base of a lamp and wire it accordingly  that would be cool,399,53,1
10754,a meat tenderizing tool,47,53,1
10755,a balloon anchor,555,53,1
10756,use to fortify competitive sand castles,852,53,1
10757,Jenga,896,53,1
10758,In school as a learning tool,774,54,1
10759,for preschooler to build with,90,54,1
10760,make a pathway,106,54,1
10761,around the edge of a garden to section parts off,339,54,1
10762,to build a wall to prevent erosion,312,54,1
10763,make a fence,159,54,1
10764,make a grill,874,54,1
10765,paperweight,10,54,1
10766,use for arts and crafts,308,54,1
10767,a weight to something under water,24,54,1
10768,to kill somebody with,516,54,1
10769,to break a window,104,54,1
10770,brake it and use the dust as pastel paints,149,54,1
10771,use the dust as make-up,861,54,1
10772,color with like chalk on the road,595,54,1
10773,as a hammer,75,54,1
10774,make steps,634,54,1
10775,make a patio,117,54,1
10776,hide it for somebody  else to seek for,763,54,1
10777,us as a weight for exercise,3,54,1
10778,put in a backpack while hiking for training,856,54,1
10779,put at the bottom of a fence to prevent a dog for digging under it,833,54,1
10780,decorations in a house,18,55,1
10781,jewelry,433,55,1
10782,communication,572,55,1
10783,massage therapy,564,55,1
10784,physical therapy,167,55,1
10785,to smooth surfaces,207,55,1
10786,buildings,19,56,1
10787,houses,519,56,1
10788,walk ways,603,56,1
10789,streets,647,56,1
10790,roads,197,56,1
10791,walls,61,56,1
10792,dams,568,56,1
10793,platform,378,56,1
10794,driveway,381,56,1
10795,garden design/separation.,86,56,1
10796,heat absorber,218,56,1
10797,use for warmth,873,56,1
10798,building blocks,616,56,1
10799,throwing object,99,56,1
10800,sitting block,69,56,1
10801,extension to help get things that are beyond normal reach,623,56,1
10802,use to lift weights,42,56,1
10803,put in bookbags and run.  Conditioning,590,56,1
10804,Smash things,715,56,1
10805,a item of art,392,56,1
10806,bottom support for unlevel things  such as table legs  etc.,27,56,1
10807,extra weight,677,56,1
10808,put around fireplaces,351,56,1
10809,put behind a tire of a car to stabilize it while changing tire or oil.,96,56,1
10810,balance things,216,56,1
10811,support for holding a fishing pole after it has been casted.,296,56,1
10812,a stepping stone to cross a creek.,66,56,1
10813,paperweight,10,57,1
10814,dumbbell,475,57,1
10815,weapon,203,57,1
10816,door stop,124,57,1
10817,measuring device,298,57,1
10818,hammer,75,57,1
10819,lever,240,57,1
10820,base,310,57,1
10821,decoration,18,57,1
10822,muse,369,57,1
10823,footrest,131,57,1
10824,headrest,97,57,1
10825,flower pot,374,57,1
10826,Paper weight,10,58,1
10827,Arts and crafts,308,58,1
10828,weapon,203,58,1
10829,sports,635,58,1
10830,As a scraper,926,58,1
10831,Door stop,41,58,1
10832,Toy,153,58,1
10833,Cooking.,569,58,1
10834,To flatten objects,698,58,1
10835,Weights for working out,42,58,1
10836,Imaginary pet,264,58,1
10837,Nail filer,273,58,1
10838,If sawed through use as telescope,559,58,1
10839,If sawed through use as whistle,73,58,1
10840,build a house,15,59,1
10841,hit someone in the head with,6,59,1
10842,throw to break windows,731,59,1
10843,but under trailer tire to hold in place,96,59,1
10844,weigh something down,63,59,1
10845,decorations around flower bed,169,59,1
10846,build structures,19,59,1
10847,bust glass,281,59,1
10848,build steps,364,59,1
10849,balance something,216,59,1
10850,add extra weight to an object,54,59,1
10851,play catch with,30,59,1
10852,harm someone,811,59,1
10853,raise a bed off the floor,800,59,1
10854,lift to get stronger,625,59,1
10855,run with to make it harder,356,59,1
10856,sit under tires of lawnmower to work on mower,671,59,1
10857,stand on to reach something,280,59,1
10858,tape to bottom of shoes for stilts,277,59,1
10859,fill holes in dog lots,198,59,1
10860,keep a door closed,446,59,1
10861,build decorative walls in yard,61,59,1
10862,walk ways to front door,532,59,1
10863,edge a pool  with,815,59,1
10864,throw rocks at to see who can break it,481,59,1
10865,build bike ramps wit under the ramp,788,59,1
10866,around mailboxes,893,59,1
10867,sit on the back of portable basketball goal to keep from moving,413,59,1
10868,build porch,402,59,1
10869,To break a window.,104,60,1
10870,To hold the wheels of a car from rolling.,408,60,1
10871,As a paper weight,10,60,1
10872,To hold things in place,529,60,1
10873,To squash a bug,700,60,1
10874,to deliver a message to the bottom of the ocean,785,60,1
10875,use as a weight to exercise as therapy for an injured shoulder  arm  etc.,853,60,1
10876,to fill a hole,198,60,1
10877,to make a walkway,106,60,1
10878,to make a house,15,60,1
10879,as a memorial block  indicating who or what is buried under it,121,60,1
10880,drill holes in it to make an instrument,466,60,1
10881,to put out a small fire,357,60,1
10882,as a pointless wall ornament,18,60,1
10883,paint it to look like an eraser for a blackboard  and replace the real eraser with it to trick a teacher,895,60,1
10884,strap to your shoes to make you taller and work your leg muscles,277,60,1
10885,put over a fire and use as a hot surface to cook something on,53,60,1
10886,throw it at a mouse to kill it,148,60,1
10887,A could be a paper weight. It could be decorated with any kind of design to make the look cute to fit the house or office match.,10,61,1
10888,A could be used for a weapon. Every girl's purse feels like there are a ton of in there  so why not add a for protection?,6,61,1
10889,Someone could smash up and put the pieces into clay and make pretty pottery with it. And smashing probably would be stress relieving. So this is a two-for-one.,447,61,1
10890,Someone could paste pictures of their children  or whoever  and have the stand straight up on their tables or bookshelves.,367,61,1
10891,Decorating a could be a fun activity for children to do on a rainy day. All you would need are fuzzy pipe cleaners  glue  googly eyes  construction paper  markers  etc.,247,61,1
10892,Someone could put a in the oven and after it is heated up  make eggs on it.,922,61,1
10893,Door stop,484,61,1
10894,Someone could drill holes in the top and put their toothbrushes in it.,511,61,1
10895,A pet,234,62,1
10896,A mouse cave,628,62,1
10897,A bread impersonator,751,62,1
10898,A shoe,160,62,1
10899,A bookend,183,62,1
10900,A dog bowl. For a tiny   dog.,181,62,1
10901,A new way to play horseshoes!,239,62,1
10902,A teething toy for babies!,90,62,1
10903,a tank for barbie,335,62,1
10904,parenting tool,443,62,1
10905,you could use it as a weight  for like a slingshot thing,278,63,1
10906,Since that chalk easy  could use it for paper,390,63,1
10907,chip it to look like something,158,63,1
10908,use it to keep a door open,124,63,1
10909,to block a hole or something,461,63,1
10910,throw it,186,63,1
10911,to hold something down  like paper,63,63,1
10912,to break things because its hard,17,63,1
10913,to hide things because they are hollow,94,63,1
10914,paperweight,10,64,1
10915,doorstop,484,64,1
10916,a way to make a point,262,64,1
10917,the worst dog toy ever,676,64,1
10918,a tool for dentistry,111,64,1
10919,find several and make a really uncomfortable bed,854,64,1
10920,if you paint it  you can make it look like you own a lot of books and are more intelligent than you actually are,583,64,1
10921,one step up from a pet rock,730,64,1
10922,find two and smack them together to make an instrument,600,64,1
10923,If you also have a pencil or pen  it can be a canvas,80,64,1
10924,The feet of one of those dolls high schoolers make in their bed to make it look like they're still home after they sneak out,742,64,1
10925,A way to make yourself taller,373,64,1
10926,A way to alleviate stress if you also have a hammer,473,64,1
10927,If you want to play a really mean joke on someone  you could call it a football and ask if they want to play catch,667,64,1
10928,A poor child's Barbie,842,64,1
10929,If you sculpt it a little  you can make an inconvenient pair of shoes,242,64,1
10930,The most worthless computer mouse ever,697,64,1
10931,You can heat them up a little  put them under your mattress and use it as a bed warmer,414,64,1
10932,If you don't have any chalk left for the classroom...it's not the best option  but you could write with the.,762,64,1
10933,Ineffective pillows.,713,64,1
10934,Find a stack of them and use them as a chair,128,64,1
10935,instrument,71,65,1
10936,decorate it,717,65,1
10937,weapon,203,65,1
10938,block,461,65,1
10939,step,465,65,1
10940,weight,220,65,1
10941,draw on it,562,65,1
10942,use it as chalk,380,65,1
10943,companion,166,65,1
10944,have it as a pet,384,65,1
10945,use it as a step,734,65,1
10946,building an igloo that withstands any weather,816,66,1
10947,lining them up to make a giant picture on a large surface area,303,66,1
10948,make a sculpture solely out of,81,66,1
10949,painting them to make some sort of collage,7,66,1
10950,building a BBQ stand,804,66,1
10951,make outdoor furniture,847,66,1
10952,use them for paving a driveway,64,66,1
10953,using tools to mold or shape them into figurines,81,66,1
10954,use them as stepping stones over a small river or stream,540,66,1
10955,house,132,67,1
10956,pyramid,322,67,1
10957,fireplace,91,67,1
10958,firepit,95,67,1
10959,wall,352,67,1
10960,floor,107,67,1
10961,weights,220,67,1
10962,driveway,381,67,1
10963,arm strength,784,67,1
10964,building towers,175,67,1
10965,making pathways,106,67,1
10966,playing catch,30,67,1
10967,paper weight,10,67,1
10968,stacking,19,67,1
10969,door stop,484,68,1
10970,paper weight,10,68,1
10971,building block,616,68,1
10972,elevation of something,251,68,1
10973,to break glass,17,68,1
10974,stepping stool,65,68,1
10975,to pack soil,404,68,1
10976,clank against something for use of a percussion instrument,600,68,1
10977,to draw straight lines with,803,68,1
10978,house,132,69,1
10979,building,19,69,1
10980,foundation,378,69,1
10981,playhouse,8,69,1
10982,fort,33,69,1
10983,hiding place,683,69,1
10984,office building,19,69,1
10985,build,696,69,1
10986,break things,17,69,1
10987,garden lac3,435,69,1
10988,doghouse,423,69,1
10989,foundation,378,69,1
10990,window terrac3,49,69,1
10991,parking deck,927,69,1
10992,surrounding of a miniature pond,249,69,1
10993,build a restaurant,783,69,1
10994,boardwalk,437,69,1
10995,house,132,70,1
10996,desk,161,70,1
10997,chair,202,70,1
10998,pole,708,70,1
10999,ceiling,848,70,1
11000,pool,223,70,1
11001,parking lot,389,70,1
11002,shed,680,70,1
11003,wall,61,70,1
11004,bed,360,70,1
11005,rock in a fish tank,496,70,1
11006,To stand on during pictures to make yourself taller,280,71,1
11007,Paint for decoration,39,71,1
11008,Pet instead of pet rock,412,71,1
11009,Plant flowers through the holes,361,71,1
11010,Beer pong table for tiny animals,789,71,1
11011,Crush and use dust to ward off evil spirits,818,71,1
11012,Primitive hunting tool,203,71,1
11013,Burglary aid,650,71,1
11014,weight training,42,72,1
11015,paper weight,10,72,1
11016,booster seat,199,72,1
11017,carnival game,327,72,1
11018,action figure,553,72,1
11019,as in the type used for constructing buildings,672,73,1
11020,as in what drugs like cocaine etc. are measured or packaged in,263,73,1
11021,as in when a basketball player shoots the ball and it hits a solid part of either the rim or the backboard,409,73,1
11022,a in many movies was often used to break into a car or a house,528,73,1
11023,can be used to prop up ramps for skateboarding,788,73,1
11024,can be used as a paper weight,10,73,1
11025,paper weight,10,74,1
11026,construction of a doghouse,584,74,1
11027,decoration for a house,18,74,1
11028,stop a lawnmower from rolling down hill,408,74,1
11029,as a step stool,65,74,1
11030,anchor for a small boat,353,74,1
11031,weapon,203,74,1
11032,gift,508,74,1
11033,as a toy for a child,90,74,1
11034,vase for flowers...could put flowers in the holes,361,74,1
11035,as a pen/pencil holder. Could put pens in the holes,79,74,1
11036,as a weight for exercise,3,74,1
11037,Drill holes in it and use it as a change dispenser,905,75,1
11038,Paint it as a tall rectangular house to use as a decoration,39,75,1
11039,Saw it into different shapes and pieces,284,75,1
11040,Melt it and use the clay to sculpt things out of,447,75,1
11041,Use it as a door stop,124,75,1
11042,Use it as a lifting weight in order to get stronger,68,75,1
11043,Make an instrument out of it by hollowing it out and tapping on it for a pitch,466,75,1
11044,Paint a face on it and give it a name. Pet rather than pet rock,412,75,1
11045,Chisel it into something,158,75,1
11046,Paint it and use it to prop up your books on a mantel,176,75,1
11047,"Carve the word ""welcome"" into it and prop it outside your door as a ""welcome"" sing",436,75,1
11048,weapon,203,76,1
11049,paper weight,10,76,1
11050,door stopper,484,76,1
11051,step ladder,925,76,1
11052,emergency brake for a car,60,76,1
11053,paint the,243,77,1
11054,put in bag to protect your self,6,77,1
11055,take a picture with the,627,77,1
11056,pretend it is a slice of cake,505,77,1
11057,have a pet,234,77,1
11058,try to make the float on water,416,77,1
11059,act like the is a real person,585,77,1
11060,decorate with a,536,77,1
11061,carry it around anywhere you go,513,77,1
11062,throw it and see if you can break it,48,77,1
11063,building a house,15,78,1
11064,doorstop,484,78,1
11065,elevation of something,251,78,1
11066,weight to hold something down,63,78,1
11067,walkway,603,78,1
11068,creating a boundary around something,46,78,1
11069,creating a blockade,238,78,1
11070,fireplace,91,78,1
11071,making a oven,882,78,1
11072,tire stopper,96,78,1
11073,use as a level to make sure something is straight,74,78,1
11074,weapon for protection,6,78,1
11075,Drop it off a building,253,79,1
11076,Tie it to a balloon,31,79,1
11077,Paint it.,243,79,1
11078,Us it as a weapon,203,79,1
11079,Use it a paper weight,68,79,1
11080,use it as an exercise tool,489,79,1
11081,decorate it for the holidays,39,79,1
11082,smash it,715,79,1
11083,smash ants,688,79,1
11084,crack it in half with a hammer,17,79,1
11085,use it to smash Oreos into a powder to put on top of a nice dessert,323,79,1
11086,brake a window,104,79,1
11087,stand on it in order to reach something,280,79,1
11088,Paper weight,10,80,1
11089,Glass shatter,281,80,1
11090,Murder weapon,203,80,1
11091,Used to make a sculpture,81,80,1
11092,Put in someone's purse or bookbag to weigh them down,6,80,1
11093,Flying projectile,411,80,1
11094,Plate,138,80,1
11095,Throw in a fit of rage,750,80,1
11096,Step stool,65,80,1
11097,Chalkboard,822,80,1
11098,Scratch someone or something  like concrete  with it.,598,80,1
11099,Lift it as a weight,42,80,1
11100,Destroy malfunctioning technology with it.,17,80,1
11101,Pet,234,80,1
11102,Building a house.,15,81,1
11103,Building a mailbox.,164,81,1
11104,Walkways,603,81,1
11105,Walls,352,81,1
11106,Outdoor decorations.,903,81,1
11107,Buildings,19,81,1
11108,Bases for monuments.,274,81,1
11109,Art,314,81,1
11110,Used as accents around other objects or structures...for additional support or design.,2,81,1
11111,If not limited to using a whole  you could break or fashion pieces of to form specific shapes and textures. This could be used in a number of ways  from making stepping stones or other garden/outdoor design  or for art.,615,81,1
11112,Could be used as bases for fitting another object or structure up higher than ground level.,274,81,1
11113,Could rub to produce a powder of the color to use for art or other.,149,81,1
11114,Could grind into whatever size or variation of sizes to use in a number of ways  like a different colored/textured type of gravel  or used for any kind of art...to add detail and texture.,615,81,1
11115,Weapon,203,82,1
11116,hammer,75,82,1
11117,building supply,266,82,1
11118,paper weight,10,82,1
11119,stepping stone,66,82,1
11120,weight lifting,42,82,1
11121,wall,61,82,1
11122,ice scrapper,718,82,1
11123,digging tool,642,82,1
11124,bludgeon,294,82,1
11125,anchor,40,82,1
11126,table,28,82,1
11127,to prevent a car from rolling,96,82,1
11128,sign,850,82,1
11129,Building material,19,83,1
11130,Weapon,203,83,1
11131,Door stopper,484,83,1
11132,Weights (exercise),3,83,1
11133,Paperweight,10,83,1
11134,Very uncomfortable shoe sole,12,83,1
11135,stepping stool(very large or stack of),65,83,1
11136,furniture,802,83,1
11137,Cool drinks(so the drink is not watered down by melting ice  obviously requires a clean),909,83,1
11138,Cooking surface,53,83,1
11139,hammer,75,83,1
11140,Anchor,40,83,1
11141,Very heavy armor.,810,83,1
11142,Modern Art,144,83,1
11143,stick person,338,84,1
11144,to build a bridge to Terabithia,723,84,1
11145,enclosure for a garden,864,84,1
11146,yellow road down Tate street,821,84,1
11147,sculpture,81,84,1
11148,light post,320,84,1
11149,frisbee,754,84,1
11150,as a canvas,80,84,1
11151,as a toilet,147,84,1
11152,rick as a tool to write with,486,84,1
11153,used to create a texture on paper,334,84,1
11154,paper weight,10,85,1
11155,boundary,46,85,1
11156,road block,238,85,1
11157,chase away animals that eat your garden,139,85,1
11158,put signs of,329,85,1
11159,arrows showing direction,699,85,1
11160,study the,656,85,1
11161,carve it,158,85,1
11162,make a dam out of it for small water,729,85,1
11163,use it to block water and divert it another way,229,85,1
11164,craft it into a homemade present for someone,862,85,1
11165,use it to level something,27,85,1
11166,kill bugs with it,93,85,1
11167,paint and craft it for decoration,39,85,1
11168,use it as a prop for pranks,495,85,1
11169,sit on it,69,85,1
11170,use it as a step stool to reach something,65,85,1
11171,table for something,588,85,1
11172,lift something higher,42,85,1
11173,use it to hold something or make something stay,529,85,1
11174,throw it in a pool to splash someone,130,85,1
11175,A hat,428,86,1
11176,A toy,153,86,1
11177,A shoe,160,86,1
11178,A preparing table,879,86,1
11179,A weapon,1,86,1
11180,A ice skate,548,86,1
11181,A paper weight,10,86,1
11182,Jewelry,433,86,1
11183,Use like chalk,380,86,1
11184,Use to mash things up,778,86,1
11185,A tire stopper,867,86,1
11186,A door stop,124,86,1
11187,A table center piece,542,86,1
11188,A pillow,184,86,1
11189,A bookend,183,86,1
11190,To hold up a painting,529,86,1
11191,Hold little flowers (in the holes),799,86,1
11192,A painting palette,120,86,1
11193,A shelf,467,86,1
11194,A coaster,29,86,1
11195,A mini table,28,86,1
11196,To keep things out of the sand on the beach,670,86,1
11197,To keep things from blowing out of the window in a car,801,86,1
11198,A guestbook,89,86,1
11199,A notepad,892,86,1
11200,A sketchbook,890,86,1
11201,An ashtray,493,86,1
11202,Marker of starting/ending point,157,86,1
11203,A signal of something to a roommate,597,86,1
11204,A display platform,467,86,1
11205,A lazy Susan,772,86,1
11206,A massage stone,515,86,1
11207,house,132,87,1
11208,paper weight,10,87,1
11209,weapon,203,87,1
11210,barrier,229,87,1
11211,weight to lift,42,87,1
11212,fireplace,91,87,1
11213,break a window,104,87,1
11214,to make the yellow road,129,87,1
11215,rhyming (-tick-flick-sick-thick),530,87,1
11216,build a house,15,88,1
11217,throw it at someone,222,88,1
11218,build a mansion,185,88,1
11219,sculp it into a statue,81,88,1
11220,see how many you can stack on top of each other,770,88,1
11221,see who can break a in half,300,88,1
11222,see how many a person can hold,348,88,1
11223,see how fast a falls from a 6 foot tall building,253,88,1
11224,make an outfit with pieces on it,282,88,1
11225,turn two into a pair of shoes,142,88,1
11226,see how long a person can balance on a half of,98,88,1
11227,make a gate out of,791,88,1
11228,create a purse using pieces from a,828,88,1
11229,make floor,107,88,1
11230,make a couch,477,88,1
11231,wear a as a necklace,34,88,1
11232,door stopper,484,89,1
11233,hammer,75,89,1
11234,paper weight,10,89,1
11235,weight,220,89,1
11236,table center piece,542,89,1
11237,stepping stone,66,89,1
11238,weight,220,90,1
11239,sculpture,639,90,1
11240,step,465,90,1
11241,throwing object,99,90,1
11242,pet,234,90,1
11243,sculpt into a remote,732,90,1
11244,chisel a hole through it and create a fountain,211,90,1
11245,chisel into and create  bowl like shape for various uses,235,90,1
11246,paper weight,10,90,1
11247,door stopper,124,90,1
11248,use multiple and create a bed post,119,90,1
11249,writing utensil,269,90,1
11250,A sinker for a crab fishing cage,561,91,1
11251,a door stop,124,91,1
11252,A counter weight for a pull system,453,91,1
11253,A fulcrum for a toy see-saw,517,91,1
11254,A short still  attached to the bottom of a shoe,70,91,1
11255,A musical instrument,71,91,1
11256,A writing tool on concrete,739,91,1
11257,A hot plate,306,91,1
11258,A projectile in a throwing game,270,91,1
11259,A target for a gun,23,91,1
11260,A blade sharpener,26,91,1
11261,A blade duller,460,91,1
11262,A mallet,233,91,1
11263,weapon,203,91,1
11264,A cover for a hidden compartment,444,91,1
11265,as a larger pet rock,826,91,1
11266,A stage in a water filter,194,91,1
11267,A work of art,392,91,1
11268,A weight for weight lifting,3,91,1
11269,An appliance stand,305,91,1
11270,A coaster,29,91,1
11271,A tree stand,143,91,1
11272,a counterbalance for a child's boat,340,91,1
11273,the base for a toy car,509,91,1
11274,A mountain in a child's playset,109,91,1
11275,houses,132,92,1
11276,recreational use,868,92,1
11277,for a signal device,112,92,1
11278,to cause destruction,17,92,1
11279,as a stepping device,734,92,1
11280,paper weight,10,92,1
11281,use as a scratching device,598,92,1
11282,use to balance out,316,92,1
11283,use to halt an object with wheels,408,92,1
11284,fighting tool,203,92,1
11285,use it as a rectangle to teach someone,108,92,1
11286,You can use a as a weapon,811,93,1
11287,paper weight,10,93,1
11288,work out tool  for lifting purposes if the is heavy enough,68,93,1
11289,you can use a as a hammer,75,93,1
11290,as a writing tool  you can use the corners to scrape writing on to cement or rock,380,93,1
11291,you can use as a work of art,291,93,1
11292,a child may use the as a toy,90,93,1
11293,you can use as an instrument,71,93,1
11294,you can use to cement to the bottom of your shoes to make you taller.,541,93,1
11295,you can create a game with them,272,93,1
11296,you can use for hunting purposes  instead shooting a  deer you could them to death,145,93,1
11297,you can use to build an empire,245,93,1
11298,you can use a form of support,452,93,1
11299,"you can use as a stopper""",255,93,1
11300,building a house,15,94,1
11301,use it as a weapon,210,94,1
11302,make a dog house,584,94,1
11303,use it to build a road,64,94,1
11304,use a lot of to make a S.O.S. anywhere,580,94,1
11305,get a bag full of and use it for weights,42,94,1
11306,get a bag on your and run with them for a workout,391,94,1
11307,use a as an alternative for a hammer,75,94,1
11308,use it as a knife sharpener,26,94,1
11309,use it as a weapon sharpener,506,94,1
11310,A step,465,95,1
11311,door stop,484,95,1
11312,mashing utensil,59,95,1
11313,paper weight,10,95,1
11314,address block,866,95,1
11315,Texture utensil for art,794,95,1
11316,A balance tool,74,95,1
11317,toy,153,96,1
11318,a tool of murder,470,96,1
11319,chair,202,96,1
11320,plate,138,96,1
11321,weight training tool,3,96,1
11322,pillow,184,96,1
11323,a company,813,96,1
11324,dish,386,96,1
11325,a weight to hold a string of balloon,68,96,1
11326,a tool of punishment (making person to hold it),918,96,1
11327,a tool for making balance of table (my putting it under one leg),27,96,1
11328,a leg of table,454,96,1
11329,a paper I can draw,608,96,1
11330,a wall(if its a big),61,96,1
11331,a piece of robot (coloring it),614,96,1
11332,a tool of express a burden on my shoulder,150,96,1
11333,a weight,220,97,1
11334,an decoration for a room,18,97,1
11335,break it to make sand,618,97,1
11336,break it to put in a painting,618,97,1
11337,a foot stool,67,97,1
11338,a car stopper,679,97,1
11339,a skin exfoliant,448,97,1
11340,a paint base,622,97,1
11341,a brown paint color,22,97,1
11342,a stepping stool,65,97,1
11343,a piece of jewelry if broken,113,97,1
11344,chalk,421,97,1
11345,writing item,269,97,1
11346,nail paint color,812,97,1
11347,marker,252,97,1
11348,a sharp point,134,97,1
11349,break something with it,17,97,1
11350,nail filer,273,97,1
11351,weight lift,703,97,1
11352,trading material,899,97,1
11353,peep hole,663,97,1
11354,protection,664,97,1
11355,shoes,160,97,1
11356,weapon,6,97,1
11357,a game,689,97,1
11358,gardening,76,97,1
11359,Paperweight,10,98,1
11360,Bookend,183,98,1
11361,Doorjamb,644,98,1
11362,You could chisel pieces off of it to make a sculpture.,158,98,1
11363,Makeshift Hammer,75,98,1
11364,throw it,186,99,1
11365,carry it,573,99,1
11366,use it for building,19,99,1
11367,can be used as a dangerous weapon,203,99,1
11368,can destroy someone's car,610,99,1
11369,can destroy someone's house,424,99,1
11370,can be catapulted,87,99,1
11371,used to destroy a computer,17,99,1
11372,can be used for a paper weight,68,99,1
11373,used as a coaster,29,99,1
11374,can be used as a pencil holder,79,99,1
11375,can be used as a weight for working out,68,99,1
11376,can be used as a hat,428,99,1
11377,could also possibly be used as currency,464,99,1
11378,can be put in cargo shorts as a joke,495,99,1
11379,can prop up a cornhole table,200,99,1
11380,can prop open a door,124,99,1
11381,can open a jar of pickles,738,99,1
11382,can break open a barrel,829,99,1
11383,you can use the as a beanbag while playing cornhole,776,99,1
11384,you can play catch with it,30,99,1
11385,you can build a one fort,241,99,1
11386,you can put a small flag pole in one of the holes and raise the American flag,366,99,1
11387,you can use it in a riot,752,99,1
11388,you can use it to break into a car,528,99,1
11389,you can use it to break into a store,681,99,1
11390,holding a door open as a stopper,124,100,1
11391,making steps,364,100,1
11392,using it as a weight,68,100,1
11393,leveling a table,27,100,1
11394,for decorations around the house,18,100,1
11395,weights to strengthen your legs,521,100,1
11396,making rectangles,177,100,1
11397,use the holes to look through and see things on the opposite side,663,100,1
11398,smashing coconuts,494,100,1
11399,as a weapon,6,100,1
11400,as a foot stool,67,100,1
11401,as a place to eat on,753,100,1
11402,to kill insects,93,100,1
11403,Hold your bed up if it breaks.,221,101,1
11404,Use it as a decoration on your dresser.,18,101,1
11405,Use it as a cup holder.,375,101,1
11406,Use it as a paper weight.,68,101,1
11407,Use it to trip someone.,349,101,1
11408,Use it as a doorstop.,484,101,1
11409,Use it to level out a rocking table,27,101,1
11410,Put a built-in camera inside it and outline your flowerbed so you can see who's in your yard.,761,101,1
11411,Use it to file your nails,133,101,1
11412,Use it as a bed in a doll house,706,101,1
11413,Use it in place of a sticky note to help you remember your next appointment,581,101,1
11414,toss a,325,102,1
11415,slide it in front of someone to make them fall,349,102,1
11416,dress the up as a baby and carry it around for a day,500,102,1
11417,tie your pet to the to see if they can pull it around,675,102,1
11418,connect the to your car and drag it as you drive,196,102,1
11419,see how long you can balance the on your arm,326,102,1
11420,compare the color of the to other colors,851,102,1
11421,bust the into many pieces and use as gravel for a walk way,248,102,1
11422,use as a pillow,184,102,1
11423,use as a lifting weight,68,102,1
11424,use as a weight to keep things down,63,102,1
11425,use to break other objects apart,17,102,1
11426,Construct a building.,15,103,1
11427,Build a sidewalk or road.,64,103,1
11428,Construct a war-room.,921,103,1
11429,Build a dog house.,584,103,1
11430,Line a mail-box with to decrease the probability of vandalism.,62,103,1
11431,Crush the into powder to make cement.,604,103,1
11432,make a pathway,106,103,1
11433,Use it for self-defense,209,103,1
11434,a chimney,13,103,1
11435,place in the oven to conduct heat and cook food faster,459,103,1
11436,a poor person could heat up and place them at various points across the house to conserve heat and save money,878,103,1
11437,construct stairs,55,103,1
11438,line something with to make it more stabilized,749,103,1
11439,sharpen a knife with it,503,103,1
11440,Cement several of them together and use it as a battering ram,168,103,1
11441,If you're going away for a long amount of time  encase your valuables within a structure to secure and protect them.,501,103,1
11442,enclose a dog-house with to protect it from the elements.,916,103,1
11443,throwing it to kill a squirrel,387,104,1
11444,to eat,744,104,1
11445,to scratch your head with,140,104,1
11446,to write a message on,865,104,1
11447,to write a message with,865,104,1
11448,to smash something,715,104,1
11449,to prop a door open,124,104,1
11450,to stand on to make you taller,280,104,1
11451,to kill a bug with,93,104,1
11452,to sand the bottom of your feet,631,104,1
11453,put in someone's pocket to make them weigh more,260,104,1
11454,tie to something to make it sink,63,104,1
11455,to throw at someone,222,104,1
11456,to smooth out concrete,871,104,1
11457,hold a door,41,105,1
11458,art,314,105,1
11459,grind it up and use the powder to some how paint a picture,149,105,1
11460,build houses,15,106,1
11461,to level something out,316,106,1
11462,use the hole is the as a pencil holder,79,106,1
11463,paper weight,10,106,1
11464,to break your boyfriend/girlfriends window,104,106,1
11465,stand on it for the extra couple inches you need to reach something,65,106,1
11466,to make you bed taller,35,106,1
11467,use it to circle the fire so that it does not spread,21,106,1
11468,door prop,41,107,1
11469,window prop,313,107,1
11470,table leg,454,107,1
11471,to fix a wobbly surface (like a broken or leaning table),27,107,1
11472,weapon,203,107,1
11473,step,465,107,1
11474,paving stone,304,107,1
11475,bug killer (like a fly swatter),148,107,1
11476,coaster,29,107,1
11477,cooking surface when camping,53,107,1
11478,weight for weight lifting,3,107,1
11479,meat tenderizer,47,107,1
11480,hammer,75,107,1
11481,paper weight,10,107,1
11482,book end,183,107,1
11483,pencil/pen holder,79,107,1
11484,build a house,15,108,1
11485,kill someone,171,108,1
11486,knock on someone's door,189,108,1
11487,use it as a paper weight,68,108,1
11488,use it as a dumbbell,68,108,1
11489,break windows,104,108,1
11490,tie it to a loose tooth with a string and throw the to rip out the tooth.,633,108,1
11491,have it hanging over your door as a personalized security system.,678,108,1
11492,more than one can result in a musical instrument,83,108,1
11493,drowning mechanism,257,108,1
11494,door holder,607,108,1
11495,something women can carry around as a rape weapon  instead of pepper spray,6,108,1
11496,decorate with it giving your house the rustic look,388,108,1
11497,anorexic people can put one in their clothing when they go to the doctor to get checked up on  to increase their weight.,468,108,1
11498,put on a loose roof during a hurricane or storm to hold it down,63,108,1
11499,a cover sheet,407,108,1
11500,used as a canvas for painting on,7,108,1
11501,baseball players could practice with it so throwing a ball would seem very easy,430,108,1
11502,Play tag,377,109,1
11503,Platform shoes,534,109,1
11504,play frisbee,636,109,1
11505,meat tenderizer,47,109,1
11506,Practice martial arts,396,109,1
11507,Use it for hunting large animals,808,109,1
11508,New and improved pet rock,212,109,1
11509,soap,733,109,1
11510,breaking and entering,681,109,1
11511,dodgeball,669,109,1
11512,put out very small fires,357,109,1
11513,Repair one specific spot on a building,172,109,1
11514,working out,9,109,1
11515,body armor,898,109,1
11516,movie slate,285,109,1
11517,target practice,191,109,1
11518,getting animals from trees,910,109,1
11519,body double,790,109,1
11520,part of a battering ram,612,109,1
11521,necklace,638,110,1
11522,handcuffs if you make the whole bigger.,226,110,1
11523,cookie cutters,156,110,1
11524,use it to organize multiple wires,574,110,1
11525,step for exercising,333,110,1
11526,paper weight,10,110,1
11527,exercise weight,3,110,1
11528,door jammer,469,110,1
11529,use it as a pumice stone for your feet,631,110,1
11530,to tenderize meat,47,110,1
11531,to hammer a nail in,75,110,1
11532,use it to light a match,476,110,1
11533,file your nails,557,110,1
11534,bed elevators,115,110,1
11535,strap it on your shoe height,277,110,1
11536,roll your cash up and put it in the hole and use it as a wallet,832,110,1
11537,glasses,118,110,1
11538,binoculars,889,110,1
11539,Hollow one out and make a strike-anywhere matchbox out of it,756,111,1
11540,Crush a into a fine  sand-like powder and use it as a makeshift water filter,825,111,1
11541,Paste to a set of shin guards and use them as running weights,885,111,1
11542,Attach a to a pole and keep it as a backup for your mortar and pestle setup,693,111,1
11543,paper weight,10,112,1
11544,use it to flatten things,698,112,1
11545,trace a rectangle,177,112,1
11546,put behind a car tire to prevent car from rolling,96,112,1
11547,sharpen another object,14,112,1
11548,weapon,6,112,1
11549,use it as a hammer,75,112,1
11550,paper holder,79,113,1
11551,everyone paints a and makes it part of a wall,520,113,1
11552,buddy you can dress up,451,113,1
11553,can be used for exercise,489,113,1
11554,can be used for a  tossing game,239,113,1
11555,make different kinds of and create a beautiful wall with multiple colors,483,113,1
11556,smasher,17,113,1
11557,attach the with string and make shoes,299,113,1
11558,a can be used as a place marker,157,113,1
11559,eat food off a,819,113,1
11560,can create texture on paper by rubbing graphite over the,334,113,1
11561,can be smashed into bits to make a pretty necklace,563,113,1
11562,smash the and make rocks for your garden,841,113,1
11563,smash the and make rocks for your fish bowl,567,113,1
11564,a can be used as a door stopper,484,113,1
11565,write your name pretty on a and stick it in your garden for decoration,457,113,1
11566,tie your deepest darkest thoughts to it and throw it in the ocean,432,113,1
11567,door stop,484,114,1
11568,book end,183,114,1
11569,(if one with holes) candle holder,146,114,1
11570,weight for exercise,3,114,1
11571,to increase the height of a bed or other piece of furniture,35,114,1
11572,(if it has holes)  toothbrush and toothpaste holder,511,114,1
11573,means of destruction to property,746,114,1
11574,used as a utensil for art  similar to a piece of chalk,498,114,1
11575,an object on which art can be displayed,80,114,1
11576,prop for a book to hold it at an angle while reading,151,114,1
11577,paper weight,10,115,1
11578,swimming,135,115,1
11579,exercise,504,115,1
11580,throwing,186,115,1
11581,crushing,17,115,1
11582,landscape,152,115,1
11583,looking at,237,115,1
11584,immobilizing,547,115,1
11585,weapon,203,115,1
11586,dropping from a height to see the effect on the ground below it,219,115,1
11587,A way to file all of your nails at once,769,116,1
11588,To use as chalk on cement,380,116,1
11589,book end,183,117,1
11590,door stop,484,117,1
11591,paper weight,10,117,1
11592,to flatten things like dough,698,117,1
11593,something to sit hot food on so it stays up off the table/counter,780,117,1
11594,a measuring device (find out how long the is and compare it to whatever you want to measure),298,117,1
11595,weight used in muscle training,3,117,1
11596,to prop up things,200,117,1
11597,pigment,722,118,1
11598,anchor,40,118,1
11599,chair leg,793,118,1
11600,pendulum,487,118,1
11601,bookend,183,118,1
11602,lizard bed,295,118,1
11603,conduit supports,25,118,1
11604,exercise weights,42,118,1
11605,tamping tool,740,118,1
11606,heat sink,179,118,1
11607,planter,374,118,1
11608,fishing pole holder,296,118,1
11609,hammer,75,118,1
11610,shoes,160,118,1
11611,chalk,421,118,1
11612,mountains for action figures/Lego men,109,118,1
11613,The can be used for many things but one thing that I can think of is probably using the for a door stopper  or we can make a toy house if we care given mores.,891,119,1
11614,you can use the as a base for something.,274,119,1
11615,the can be help build a fence.,497,119,1
11616,it can be used as a form to separate something such as a line of.,46,119,1
11617,it can be used to level something that is not leveled right.,27,119,1
11618,you can throw it at something.,222,119,1
11619,use it as a step,65,119,1
11620,use it as a place holder  to hold something in place,406,119,1
11621,use it as a weapon,210,119,1
11622,use it for decoration,18,119,1
11623,you can break it and put the pieces into a frame.,367,119,1
11624,use it to help cook  by pressing down meat  etc.,63,119,1
11625,dress it up and use it as a doll,500,119,1
11626,Emergency brake for your car,60,120,1
11627,Use it for lifting weights,42,120,1
11628,To anchor a boat,40,120,1
11629,Hold it to help you sink while trying to hold your breath,760,120,1
11630,Hang it from a tree for use as a bird house,309,120,1
11631,Use it as a paper weight,10,120,1
11632,Use it to crack pecans to eat them,617,120,1
11633,Play a game and determine how far you can throw it,163,120,1
11634,Hide a spare key to your house under it,125,120,1
11635,A counterweight  especially if it contains holes that could be used to tie a rope to it.,453,121,1
11636,A projectile weapon,653,121,1
11637,A stool,141,121,1
11638,As part of the support structure of a building,630,121,1
11639,Food  if you are some sort of creature that can eats,88,121,1
11640,A doorstop,484,121,1
11641,Throw it to increase your momentum in the opposite direction  especially if you are in a microgravity environment,297,121,1
11642,As part of an artwork,291,121,1
11643,As a hammer,75,121,1
11644,It has three possible recognizable orientations  on its side  on its end  and laying flat. You could change its orientation to keep track of something or pass a message to someone discreetly.,11,121,1
11645,A door stopper,124,122,1
11646,A could be used as a weight to gain arm  muscles,68,122,1
11647,You could make a chair or a bench out of,779,122,1
11648,You  could build a desk or a table,456,122,1
11649,door,20,122,1
11650,hit some one,188,123,1
11651,hold,523,123,1
11652,support,452,123,1
11653,steps,56,123,1
11654,decoration,18,123,1
11655,to cook,569,123,1
11656,to open holes,587,123,1
11657,to write (use to corner),527,123,1
11658,to make little rocks,560,123,1
11659,a frame,367,123,1
11660,pillow,184,123,1
11661,to exercises (weights),3,123,1
11662,door holder,607,123,1
11663,the save base during a game,605,123,1
11664,hunting tool.,203,123,1
11665,a canvas,80,123,1
11666,ball,101,123,1
11667,seat,105,123,1
11668,can be use to enter places,906,123,1
11669,present,552,123,1
11670,instrument,71,123,1
11671,paper weight,10,124,1
11672,to sharpen tools,545,124,1
11673,to hit someone in the head,188,124,1
11674,as a weight to keep balloons from flying away,68,124,1
11675,a can be used in an art gallery as an art structure,208,124,1
11676,a can be used to play with in a game of toss,239,124,1
11677,can be used to break windows if you were locked out of the house and needed a way to get in  break the window with the,104,124,1
11678,to scratch the car of someone that you do not like,331,124,1
11679,to file a chipped nail  someone could rub their nail against the to even out the edge of the nail,133,124,1
11680,wear a on your head  so it seems as some kind of hat,428,124,1
11681,"pretend the is a microphone and sing into the ""microphone"" in a game or karaoke with friends",103,124,1
11682,paperweight,10,125,1
11683,weapon,203,125,1
11684,building,19,125,1
11685,weight for lifting,3,125,1
11686,to drop on the other side of a catapult to launch something else,400,125,1
11687,a like the blackberry game,359,125,1
11688,are in Tetris,702,125,1
11689,like in basketball,544,125,1
11690,"as in ""Tamblyn"" from the movie ""Anchorman""",619,125,1
11691,"you could use it as an insult  as in ""you're as dumb as talking to a""",347,125,1
11692,you could use it as self defense,209,125,1
11693,to keep a car from rolling,96,125,1
11694,to keep anything from rolling really,589,125,1
11695,you could use it to stand on to see over something,280,125,1
11696,you could use it to break something,17,125,1
11697,you could use it to weigh down the gas pedal as you are driving a car off a ledge to dispose of unwanted or incriminating evidence,250,125,1
11698,target practice,191,125,1
11699,gun range,577,125,1
11700,you could use them to outline a walkway,106,125,1
11701,you could draw a face on it and make an imaginary friend,412,125,1
11702,that allows for all sorts of possibilities  you could buy ice cream with the,512,125,1
11703,you could ride bikes with the,687,125,1
11704,you could watch movies with the,52,125,1
11705,you could be incredibly lonely...with the,660,125,1
11706,"you could pull a ""Carrot top"" and use the as a pun in some really corny outdated joke",180,125,1
11707,"you could use it in the saying ""oh my god he just a",342,125,1
11708,it hit him like a ton of is another good one,767,125,1
11709,you could play catch with the,30,125,1
11710,hitting someone with it,188,126,1
11711,build a wall,61,126,1
11712,build a castle,215,126,1
11713,build a bench,397,126,1
11714,building a playpen,674,126,1
11715,build frame for a canvas,502,126,1
11716,Use it as a home for ants,126,127,1
11717,use it as a seat,69,127,1
11718,carry it as a weapon,6,127,1
11719,gut it out and make a purse out of it,828,127,1
11720,use it for a tire stopper,96,127,1
11721,use it to even out a wobbly table,27,127,1
11722,use it as a paperweight,10,127,1
11723,use it as a book holder,183,127,1
11724,hide a hidden camera inside of it,773,127,1
11725,use it as a pillow,184,127,1
11726,carry it as a good luck charm,707,127,1
11727,decorate it and use it in your home,388,127,1
11728,play a real game of breaker,491,127,1
11729,break up the and create jewelry out of it,563,127,1
11730,Paper weight,10,128,1
11731,Pet rock,268,128,1
11732,Use as a color sample,551,128,1
11733,Loads of amounts of can be used to put out forest fires,417,128,1
11734,Could be used to represent a skyscraper for an ant hill,629,128,1
11735,You can use to exterminate all honey badgers,582,128,1
11736,you can break the up and make stepping stones out of the chunks of,248,128,1
11737,You could drill a hole in one and wear it as a decorative necklace,641,128,1
11738,You and your buddies can get a pickup truck full of and throw them at mailboxes,637,128,1
11739,art,314,129,1
11740,use it to break things,715,129,1
11741,make a toy out of it.,90,129,1
11742,a friend of mine used some to raise his bed.,35,129,1
11743,can be used as chalk on concrete.,380,129,1
11744,door stopper,484,129,1
11745,weapon,203,129,1
11746,ladder,649,130,1
11747,weapon,203,130,1
11748,door stopper,124,130,1
11749,to hold something down,63,130,1
11750,building,19,130,1
11751,to write... the reddish color will allow u 2 write,228,130,1
11752,put it on top of your head to practice balance,267,130,1
11753,decoration,18,130,1
11754,to break into your car windows if u lock your keys in there,104,130,1
11755,as a hammer,75,130,1
11756,throwing,834,131,1
11757,building,19,131,1
11758,fire pit,95,131,1
11759,fence,159,131,1
11760,walkways,603,131,1
11761,road,197,131,1
11762,wall,352,131,1
11763,building a dam,729,131,1
11764,to make steps,634,131,1
11765,steps,56,131,1
11766,You can use a for a flower pot  cut around inside it and put soil in it.,361,132,1
11767,A weight in your bookbag so there is more weight and its almost a workout,684,132,1
11768,You can play extreme catch with it,354,132,1
11769,painting the could be a fun arts and crafts activity,884,132,1
11770,put it at your door to keep it open,124,132,1
11771,Throw it in the swimming pool and playing diving games to see who can go get it,566,132,1
11772,throw it at a bee hive...then run as fast as you can,192,132,1
11773,could use it as a dumbbell and workout with it,42,132,1
11774,Use it as a letter of some sort  put it at someone doorstep with a note attached to it,626,132,1
11775,stand on it with one foot and better your balance,256,132,1
11776,tombstone,121,132,1
11777,imaginary friend/pet,264,132,1
11778,something to jump over with a skateboard  scooter  etc.,621,132,1
11779,get a lot of other and put the one in with them and build a house,15,132,1
11780,Trebuchet Counterweight,230,133,1
11781,Anchor for small object,529,133,1
11782,Trebuchet projectile,726,133,1
11783,sanding block,379,133,1
11784,heat barrier,116,133,1
11785,walkway crush and run gravel,324,133,1
11786,pencil holder,79,133,1
11787,hide a key,125,133,1
11788,time capsule,655,133,1
11789,walkway material,337,133,1
11790,table,28,133,1
11791,pummel,178,133,1
11792,cage,231,133,1
11793,trap,395,133,1
11794,artwork,314,133,1
11795,sculpture,639,133,1
11796,umbrella stand,382,133,1
11797,forge,652,133,1
11798,breaking and entering,681,133,1
11799,hammer,75,133,1
11800,mace,195,133,1
11801,flail,716,133,1
11802,Drop a off a building and see which one is the strongest by seeing which one of the held together better,227,134,1
11803,weights to help you train for a sport,807,134,1
11804,sculptures,639,134,1
11805,Brickball  just like baseball but with a not a ball,77,134,1
11806,traps  if someone breaks in your house a will fall on the criminal and knock he or she out until authorities arrive,214,134,1
11807,everyone throws a up and watch it hit the ground  the biggest hole in the ground wins,507,134,1
